{
    "baseline_kits_sum": 1380.0,
    "cf_vs_kits_dist": [
        [
            0.0,
            0.0,
            0.0,
            0.0
        ],
        [
            7013.65576171875,
            78.0,
            121.0,
            163.0
        ],
        [
            14027.3115234375,
            124.0,
            172.5,
            216.0
        ],
        [
            21040.966796875,
            144.0,
            198.0,
            242.04999999999995
        ],
        [
            28054.623046875,
            157.0,
            212.0,
            257.0
        ],
        [
            35068.27734375,
            162.0,
            219.0,
            267.0
        ],
        [
            42081.93359375,
            167.95,
            223.5,
            270.0
        ],
        [
            49095.58984375,
            169.0,
            228.0,
            275.0
        ],
        [
            56109.24609375,
            173.0,
            230.0,
            278.0
        ],
        [
            63122.8984375,
            172.0,
            232.0,
            277.04999999999995
        ]
    ]
}